{"cameraMode":{"drawMode":0,"name":"Shaded","section":"Shading Mode"},"sceneLighting":true,"audioPlay":false,"sceneViewState":{"showFog":true,"showMaterialUpdate":false,"showSkybox":true,"showFlares":true,"showImageEffects":true,"showParticleSystems":true},"in2DMode":false,"pivot":{"x":-7.625522613525391,"y":-2.36923885345459,"z":4.9193267822265629},"rotation":{"x":-0.07192107290029526,"y":0.4922320246696472,"z":-0.04085506871342659,"w":-0.8665251731872559},"size":32.21822738647461,"orthographic":false}