{"cameraMode":{"drawMode":0,"name":"Shaded","section":"Shading Mode"},"sceneLighting":false,"audioPlay":false,"sceneViewState":{"showFog":true,"showMaterialUpdate":false,"showSkybox":true,"showFlares":true,"showImageEffects":true,"showParticleSystems":true},"in2DMode":false,"pivot":{"x":-0.7646239399909973,"y":0.4440158009529114,"z":0.40299463272094729},"rotation":{"x":-0.06619896739721298,"y":0.8402959108352661,"z":-0.1054251417517662,"w":-0.527642011642456},"size":22.0,"orthographic":false}