{"cameraMode":{"drawMode":0,"name":"Shaded","section":"Shading Mode"},"sceneLighting":true,"audioPlay":false,"sceneViewState":{"showFog":true,"showMaterialUpdate":false,"showSkybox":true,"showFlares":true,"showImageEffects":true,"showParticleSystems":true},"in2DMode":false,"pivot":{"x":25.97692108154297,"y":44.44574737548828,"z":-122.37936401367188},"rotation":{"x":-0.0767114907503128,"y":0.024522045627236368,"z":-0.0018872725777328015,"w":-0.996749997138977},"size":6.408815860748291,"orthographic":false}