{"cameraMode":{"drawMode":0,"name":"Shaded","section":"Shading Mode"},"sceneLighting":true,"audioPlay":false,"sceneViewState":{"showFog":true,"showMaterialUpdate":false,"showSkybox":true,"showFlares":true,"showImageEffects":true,"showParticleSystems":true},"in2DMode":false,"pivot":{"x":1.541379451751709,"y":11.704812049865723,"z":8.204713821411133},"rotation":{"x":-0.04978661611676216,"y":-0.7451326251029968,"z":0.05600165203213692,"w":-0.6626933813095093},"size":1.4353742599487305,"orthographic":false}