{"cameraMode":{"drawMode":0,"name":"Shaded","section":"Shading Mode"},"sceneLighting":true,"audioPlay":false,"sceneViewState":{"showFog":true,"showMaterialUpdate":false,"showSkybox":true,"showFlares":true,"showImageEffects":true,"showParticleSystems":true},"in2DMode":false,"pivot":{"x":0.02043604850769043,"y":11.538026809692383,"z":14.83681869506836},"rotation":{"x":-0.02955344319343567,"y":0.17098408937454225,"z":-0.005130990408360958,"w":-0.9848171472549439},"size":9.603902816772461,"orthographic":false}