{"cameraMode":{"drawMode":0,"name":"Shaded","section":"Shading Mode"},"sceneLighting":false,"audioPlay":false,"sceneViewState":{"showFog":true,"showMaterialUpdate":false,"showSkybox":true,"showFlares":true,"showImageEffects":true,"showParticleSystems":true},"in2DMode":false,"pivot":{"x":-0.0011075139045715333,"y":0.10243812203407288,"z":0.05649557709693909},"rotation":{"x":0.09593126177787781,"y":-0.24888397753238679,"z":0.02488359808921814,"w":0.9634494185447693},"size":1.1171780824661255,"orthographic":false}