{"cameraMode":{"drawMode":0,"name":"Shaded","section":"Shading Mode"},"sceneLighting":true,"audioPlay":false,"sceneViewState":{"showFog":true,"showMaterialUpdate":false,"showSkybox":true,"showFlares":true,"showImageEffects":true,"showParticleSystems":true},"in2DMode":false,"pivot":{"x":48.54389953613281,"y":-5.606110572814941,"z":97.73959350585938},"rotation":{"x":0.08348553627729416,"y":0.23907513916492463,"z":-0.02063572406768799,"w":0.9671853184700012},"size":99.95808410644531,"orthographic":false}