{"cameraMode":{"drawMode":0,"name":"Shaded","section":"Shading Mode"},"sceneLighting":true,"audioPlay":false,"sceneViewState":{"showFog":true,"showMaterialUpdate":false,"showSkybox":true,"showFlares":true,"showImageEffects":true,"showParticleSystems":true},"in2DMode":false,"pivot":{"x":39.09453582763672,"y":-2.169059991836548,"z":-268.7301940917969},"rotation":{"x":0.0033007923047989609,"y":-0.07493319362401962,"z":0.00024807616136968136,"w":0.997183084487915},"size":10.83717155456543,"orthographic":false}