{"cameraMode":{"drawMode":0,"name":"Shaded","section":"Shading Mode"},"sceneLighting":false,"audioPlay":false,"sceneViewState":{"showFog":true,"showMaterialUpdate":false,"showSkybox":true,"showFlares":true,"showImageEffects":true,"showParticleSystems":true},"in2DMode":false,"pivot":{"x":0.0,"y":-2.2351741790771486e-8,"z":2.7314109802246095},"rotation":{"x":0.07958272099494934,"y":-0.7875405550003052,"z":0.10408047586679459,"w":0.6021741628646851},"size":8.913630485534668,"orthographic":false}