{"cameraMode":{"drawMode":0,"name":"Shaded","section":"Shading Mode"},"sceneLighting":true,"audioPlay":false,"sceneViewState":{"showFog":true,"showMaterialUpdate":false,"showSkybox":true,"showFlares":true,"showImageEffects":true,"showParticleSystems":true},"in2DMode":false,"pivot":{"x":214.5167999267578,"y":-131.11439514160157,"z":19.317237854003908},"rotation":{"x":-0.16285905241966248,"y":-0.7654021978378296,"z":0.21307820081710816,"w":-0.585007905960083},"size":286.1619873046875,"orthographic":false}