{"cameraMode":{"drawMode":0,"name":"Shaded","section":"Shading Mode"},"sceneLighting":true,"audioPlay":false,"sceneViewState":{"showFog":true,"showMaterialUpdate":false,"showSkybox":true,"showFlares":true,"showImageEffects":true,"showParticleSystems":true},"in2DMode":false,"pivot":{"x":37.745452880859378,"y":34.584651947021487,"z":158.25723266601563},"rotation":{"x":0.05153615400195122,"y":0.04043476656079292,"z":0.002088406588882208,"w":-0.9978500604629517},"size":127.26476287841797,"orthographic":false}