{"cameraMode":{"drawMode":0,"name":"Shaded","section":"Shading Mode"},"sceneLighting":true,"audioPlay":false,"sceneViewState":{"showFog":true,"showMaterialUpdate":false,"showSkybox":true,"showFlares":true,"showImageEffects":true,"showParticleSystems":true},"in2DMode":false,"pivot":{"x":-39.36848831176758,"y":4.3782453536987309,"z":19.298383712768556},"rotation":{"x":-0.06396902352571488,"y":0.6318022608757019,"z":-0.05243998393416405,"w":-0.7707034945487976},"size":46.008880615234378,"orthographic":false}