{"cameraMode":{"drawMode":0,"name":"Shaded","section":"Shading Mode"},"sceneLighting":false,"audioPlay":false,"sceneViewState":{"showFog":true,"showMaterialUpdate":false,"showSkybox":true,"showFlares":true,"showImageEffects":true,"showParticleSystems":true},"in2DMode":false,"pivot":{"x":25.91312026977539,"y":10.057821273803711,"z":10.426142692565918},"rotation":{"x":-0.09374198317527771,"y":0.219058096408844,"z":-0.02125038579106331,"w":-0.9709657430648804},"size":3.790231943130493,"orthographic":false}