{"cameraMode":{"drawMode":0,"name":"Shaded","section":"Shading Mode"},"sceneLighting":false,"audioPlay":false,"sceneViewState":{"showFog":true,"showMaterialUpdate":false,"showSkybox":true,"showFlares":true,"showImageEffects":true,"showParticleSystems":true},"in2DMode":false,"pivot":{"x":1.665381908416748,"y":0.2417987436056137,"z":-0.6913985013961792},"rotation":{"x":0.00024217963800765574,"y":0.7920682430267334,"z":-0.00015285241534002125,"w":0.6104325652122498},"size":2.8578836917877199,"orthographic":false}