{"cameraMode":{"drawMode":0,"name":"Shaded","section":"Shading Mode"},"sceneLighting":true,"audioPlay":false,"sceneViewState":{"showFog":true,"showMaterialUpdate":false,"showSkybox":true,"showFlares":true,"showImageEffects":true,"showParticleSystems":true},"in2DMode":false,"pivot":{"x":-42.80695724487305,"y":-13.79472541809082,"z":32.7274169921875},"rotation":{"x":0.19507932662963868,"y":-0.4458325505256653,"z":0.10021957755088806,"w":0.8678326606750488},"size":71.4321517944336,"orthographic":false}