{"cameraMode":{"drawMode":0,"name":"Shaded","section":"Shading Mode"},"sceneLighting":false,"audioPlay":false,"sceneViewState":{"showFog":true,"showMaterialUpdate":false,"showSkybox":true,"showFlares":true,"showImageEffects":true,"showParticleSystems":true},"in2DMode":false,"pivot":{"x":0.8563680648803711,"y":4.7359113693237309,"z":11.349311828613282},"rotation":{"x":0.024096690118312837,"y":-0.9411816596984863,"z":0.06873424351215363,"w":0.3299577534198761},"size":20.641645431518556,"orthographic":false}