{"cameraMode":{"drawMode":0,"name":"Shaded","section":"Shading Mode"},"sceneLighting":false,"audioPlay":false,"sceneViewState":{"showFog":true,"showMaterialUpdate":false,"showSkybox":true,"showFlares":true,"showImageEffects":true,"showParticleSystems":true},"in2DMode":false,"pivot":{"x":-17.869821548461915,"y":8.290574073791504,"z":68.68286895751953},"rotation":{"x":0.005232914816588163,"y":-0.9947568774223328,"z":-0.06993330270051956,"w":-0.07443641871213913},"size":15.524320602416993,"orthographic":false}