{"cameraMode":{"drawMode":0,"name":"Shaded","section":"Shading Mode"},"sceneLighting":true,"audioPlay":false,"sceneViewState":{"showFog":true,"showMaterialUpdate":false,"showSkybox":true,"showFlares":true,"showImageEffects":true,"showParticleSystems":true},"in2DMode":false,"pivot":{"x":-201.3245849609375,"y":40.67376708984375,"z":34.21843719482422},"rotation":{"x":-0.04901502653956413,"y":-0.6396319270133972,"z":-0.04092780873179436,"w":0.7660244703292847},"size":211.19845581054688,"orthographic":false}