{"cameraMode":{"drawMode":0,"name":"Shaded","section":"Shading Mode"},"sceneLighting":false,"audioPlay":false,"sceneViewState":{"showFog":true,"showMaterialUpdate":false,"showSkybox":true,"showFlares":true,"showImageEffects":true,"showParticleSystems":true},"in2DMode":false,"pivot":{"x":-13.111246109008789,"y":0.9088685512542725,"z":-6.461518287658691},"rotation":{"x":0.07725425064563751,"y":-0.8089093565940857,"z":0.10915461927652359,"w":0.5725231766700745},"size":3.7204740047454836,"orthographic":false}