{"cameraMode":{"drawMode":0,"name":"Shaded","section":"Shading Mode"},"sceneLighting":false,"audioPlay":false,"sceneViewState":{"showFog":true,"showMaterialUpdate":false,"showSkybox":true,"showFlares":true,"showImageEffects":true,"showParticleSystems":true},"in2DMode":false,"pivot":{"x":0.0,"y":-2.2351741790771486e-8,"z":2.7314109802246095},"rotation":{"x":0.08207064867019654,"y":-0.741908073425293,"z":0.09239371120929718,"w":0.6590147018432617},"size":8.913630485534668,"orthographic":false}