{"cameraMode":{"drawMode":0,"name":"Shaded","section":"Shading Mode"},"sceneLighting":true,"audioPlay":false,"sceneViewState":{"showFog":true,"showMaterialUpdate":false,"showSkybox":true,"showFlares":true,"showImageEffects":true,"showParticleSystems":true},"in2DMode":false,"pivot":{"x":-15.16682243347168,"y":9.088669776916504,"z":72.85518646240235},"rotation":{"x":0.01848609186708927,"y":-0.9792353510856628,"z":0.17244309186935426,"w":0.10497558116912842},"size":3.646096706390381,"orthographic":false}