{"cameraMode":{"drawMode":0,"name":"Shaded","section":"Shading Mode"},"sceneLighting":true,"audioPlay":false,"sceneViewState":{"showFog":true,"showMaterialUpdate":false,"showSkybox":true,"showFlares":true,"showImageEffects":true,"showParticleSystems":true},"in2DMode":false,"pivot":{"x":15.958988189697266,"y":5.470686435699463,"z":-29.925283432006837},"rotation":{"x":0.01325451023876667,"y":0.9793082475662231,"z":-0.06829532980918884,"w":0.19004082679748536},"size":47.740631103515628,"orthographic":false}