{"cameraMode":{"drawMode":0,"name":"Shaded","section":"Shading Mode"},"sceneLighting":false,"audioPlay":false,"sceneViewState":{"showFog":true,"showMaterialUpdate":false,"showSkybox":true,"showFlares":true,"showImageEffects":true,"showParticleSystems":true},"in2DMode":false,"pivot":{"x":755.4878540039063,"y":187.9664306640625,"z":-139.0926513671875},"rotation":{"x":0.07807909697294235,"y":-0.9199753403663635,"z":0.23864510655403138,"w":0.3009944260120392},"size":1954.1318359375,"orthographic":false}