{"cameraMode":{"drawMode":0,"name":"Shaded","section":"Shading Mode"},"sceneLighting":false,"audioPlay":false,"sceneViewState":{"showFog":true,"showMaterialUpdate":false,"showSkybox":true,"showFlares":true,"showImageEffects":true,"showParticleSystems":true},"in2DMode":false,"pivot":{"x":0.0,"y":-2.2351741790771486e-8,"z":2.7314109802246095},"rotation":{"x":-0.03254951164126396,"y":0.7040513157844544,"z":-0.03233567997813225,"w":-0.7086654901504517},"size":8.913630485534668,"orthographic":false}