{"cameraMode":{"drawMode":0,"name":"Shaded","section":"Shading Mode"},"sceneLighting":false,"audioPlay":false,"sceneViewState":{"showFog":true,"showMaterialUpdate":false,"showSkybox":true,"showFlares":true,"showImageEffects":true,"showParticleSystems":true},"in2DMode":false,"pivot":{"x":-2.35679030418396,"y":0.23432113230228425,"z":8.65483283996582},"rotation":{"x":-0.18298673629760743,"y":-0.6882473230361939,"z":0.1860489398241043,"w":-0.676917552947998},"size":1.6330878734588624,"orthographic":false}