{"cameraMode":{"drawMode":0,"name":"Shaded","section":"Shading Mode"},"sceneLighting":true,"audioPlay":false,"sceneViewState":{"showFog":true,"showMaterialUpdate":false,"showSkybox":true,"showFlares":true,"showImageEffects":true,"showParticleSystems":true},"in2DMode":false,"pivot":{"x":0.7886648178100586,"y":-1.0962998867034913,"z":20.755510330200197},"rotation":{"x":0.052948080003261569,"y":0.4234042167663574,"z":-0.024797582998871805,"w":0.9040523171424866},"size":18.455360412597658,"orthographic":false}