{"cameraMode":{"drawMode":0,"name":"Shaded","section":"Shading Mode"},"sceneLighting":true,"audioPlay":false,"sceneViewState":{"showFog":true,"showMaterialUpdate":false,"showSkybox":true,"showFlares":true,"showImageEffects":true,"showParticleSystems":true},"in2DMode":false,"pivot":{"x":-20.87066078186035,"y":9.20432186126709,"z":-31.14556884765625},"rotation":{"x":-0.009836840443313122,"y":0.9866620302200317,"z":-0.06521698087453842,"w":-0.14882224798202516},"size":52.84304428100586,"orthographic":false}