{"cameraMode":{"drawMode":0,"name":"Shaded","section":"Shading Mode"},"sceneLighting":false,"audioPlay":false,"sceneViewState":{"showFog":true,"showMaterialUpdate":false,"showSkybox":true,"showFlares":true,"showImageEffects":true,"showParticleSystems":true},"in2DMode":false,"pivot":{"x":7.654226303100586,"y":-0.5070371627807617,"z":7.550505638122559},"rotation":{"x":-0.014388260431587696,"y":0.9855123162269592,"z":-0.12633825838565827,"w":-0.11223692446947098},"size":16.640037536621095,"orthographic":false}