{"cameraMode":{"drawMode":0,"name":"Shaded","section":"Shading Mode"},"sceneLighting":true,"audioPlay":false,"sceneViewState":{"showFog":true,"showMaterialUpdate":false,"showSkybox":true,"showFlares":true,"showImageEffects":true,"showParticleSystems":true},"in2DMode":false,"pivot":{"x":-60.043212890625,"y":-9.594682693481446,"z":13.027193069458008},"rotation":{"x":-0.07544894516468048,"y":0.679510772228241,"z":-0.07058347761631012,"w":-0.7263542413711548},"size":52.84304428100586,"orthographic":false}