{"cameraMode":{"drawMode":0,"name":"Shaded","section":"Shading Mode"},"sceneLighting":false,"audioPlay":false,"sceneViewState":{"showFog":true,"showMaterialUpdate":false,"showSkybox":true,"showFlares":true,"showImageEffects":true,"showParticleSystems":true},"in2DMode":false,"pivot":{"x":0.0,"y":0.4306672513484955,"z":-0.05039870738983154},"rotation":{"x":0.0001357566361548379,"y":0.9969578385353088,"z":-0.07792259007692337,"w":0.001790662296116352},"size":4.239058971405029,"orthographic":false}