{"cameraMode":{"drawMode":0,"name":"Shaded","section":"Shading Mode"},"sceneLighting":true,"audioPlay":false,"sceneViewState":{"showFog":true,"showMaterialUpdate":false,"showSkybox":true,"showFlares":true,"showImageEffects":true,"showParticleSystems":true},"in2DMode":false,"pivot":{"x":-13.977727890014649,"y":1.7579286098480225,"z":25.613386154174806},"rotation":{"x":0.018865736201405526,"y":-0.05995415896177292,"z":0.001132930163294077,"w":0.9980222582817078},"size":21.581390380859376,"orthographic":false}