{"cameraMode":{"drawMode":0,"name":"Shaded","section":"Shading Mode"},"sceneLighting":true,"audioPlay":false,"sceneViewState":{"showFog":true,"showMaterialUpdate":false,"showSkybox":true,"showFlares":true,"showImageEffects":true,"showParticleSystems":true},"in2DMode":false,"pivot":{"x":-27.072181701660158,"y":-5.2705254554748539,"z":-19.51090431213379},"rotation":{"x":-0.01184234581887722,"y":0.9874987006187439,"z":-0.09150353819131851,"w":-0.1278018355369568},"size":37.305599212646487,"orthographic":false}